{
  "v1": {
    "total_questions": 9140,
    "mean_entropy": 1.2414082772851176,
    "std_entropy": 0.7866708570112869,
    "median_entropy": 1.1592329545454545,
    "min_entropy": 0.00030048076923076925,
    "max_entropy": 7.875,
    "percentile_80": 1.714525874742723,
    "high_entropy_count": 1828,
    "high_entropy_ratio": 0.2,
    "high_entropy_mean": 2.3733577574665103,
    "high_entropy_std": 0.7926973718656312,
    "low_entropy_mean": 0.9584209072397698,
    "low_entropy_std": 0.4648249753638536,
    "percentiles": {
      "25": 0.8215680803571429,
      "50": 1.1592329545454545,
      "75": 1.5906960227272726,
      "90": 2.1136217948717957,
      "95": 2.551157670454545,
      "99": 3.9362277484074215
    }
  },
  "v2": {
    "total_questions": 10067,
    "mean_entropy": 1.1334781635155584,
    "std_entropy": 0.8324251093374816,
    "median_entropy": 1.0543478260869565,
    "min_entropy": 0.0006544502617801048,
    "max_entropy": 8.97447096456693,
    "percentile_80": 1.5531481481481482,
    "high_entropy_count": 2014,
    "high_entropy_ratio": 0.20005960067547432,
    "high_entropy_mean": 2.259704162754186,
    "high_entropy_std": 1.0366694178042148,
    "low_entropy_mean": 0.8518167749067672,
    "low_entropy_std": 0.448230423445011,
    "percentiles": {
      "25": 0.7475225667189953,
      "50": 1.0543478260869565,
      "75": 1.4345953525641026,
      "90": 1.9041041666666665,
      "95": 2.3224361795774646,
      "99": 4.402144863652516
    }
  },
  "v3": {
    "total_questions": 10122,
    "mean_entropy": 1.0016211544486069,
    "std_entropy": 0.642291951051047,
    "median_entropy": 0.9404761904761905,
    "min_entropy": 0.0009191176470588235,
    "max_entropy": 8.81972287735849,
    "percentile_80": 1.3175322580645161,
    "high_entropy_count": 2025,
    "high_entropy_ratio": 0.2000592768227623,
    "high_entropy_mean": 1.839683295060074,
    "high_entropy_std": 0.836301811803303,
    "low_entropy_mean": 0.7920279921986106,
    "low_entropy_std": 0.34816023449549666,
    "percentiles": {
      "25": 0.7228846514242878,
      "50": 0.9404761904761905,
      "75": 1.2303075396825398,
      "90": 1.5864193137548697,
      "95": 1.868238122171945,
      "99": 3.186351125938256
    }
  }
}